HLA,emb_dim,num_layers,batch_size,num_heads
HLA-A*01:01,512,1,128,8
HLA-A*02:01,512,1,256,8
HLA-A*02:02,512,1,512,8
HLA-A*02:03,512,1,256,8
HLA-A*02:04,512,1,128,8
HLA-A*02:05,512,1,128,8
HLA-A*02:06,256,1,512,8
HLA-A*02:07,512,1,128,8
HLA-A*02:20,512,1,128,8
HLA-A*03:01,512,1,256,8
HLA-A*11:01,512,1,256,8
HLA-A*23:01,256,1,64,8
HLA-A*24:02,512,1,256,8
HLA-A*26:01,512,1,64,8
HLA-A*29:02,512,1,128,8
HLA-A*30:01,512,1,512,4
HLA-A*30:02,512,1,256,8
HLA-A*31:01,256,1,512,8
HLA-A*32:01,512,1,128,8
HLA-A*33:01,512,1,128,8
HLA-A*68:01,512,1,128,8
HLA-A*68:02,512,1,256,8
HLA-A*69:01,512,1,128,8
HLA-B*07:02,512,1,128,8
HLA-B*08:01,512,1,256,8
HLA-B*13:02,512,1,128,8
HLA-B*14:02,512,1,128,8
HLA-B*15:01,128,1,256,8
HLA-B*15:11,512,1,64,8
HLA-B*15:17,512,1,512,4
HLA-B*15:18,512,1,64,8
HLA-B*18:01,256,1,64,8
HLA-B*27:01,256,1,64,8
HLA-B*27:02,256,1,64,8
HLA-B*27:03,512,1,128,8
HLA-B*27:04,512,1,128,8
HLA-B*27:05,512,1,256,8
HLA-B*27:06,512,1,128,8
HLA-B*27:07,512,1,128,8
HLA-B*27:08,512,1,128,8
HLA-B*27:09,256,1,512,8
HLA-B*35:01,512,1,256,8
HLA-B*35:03,512,1,128,4
HLA-B*35:08,512,1,128,8
HLA-B*37:01,512,1,128,8
HLA-B*38:01,512,1,128,8
HLA-B*39:01,512,1,128,8
HLA-B*39:06,512,1,64,8
HLA-B*39:24,512,1,512,8
HLA-B*40:01,512,1,128,8
HLA-B*40:02,128,1,256,8
HLA-B*41:01,256,1,64,8
HLA-B*44:02,512,1,256,8
HLA-B*44:03,512,1,256,8
HLA-B*45:01,512,1,128,4
HLA-B*46:01,512,1,128,8
HLA-B*49:01,512,1,128,8
HLA-B*50:01,512,1,64,8
HLA-B*51:01,512,1,512,8
HLA-B*51:08,512,1,128,8
HLA-B*52:01,512,1,64,8
HLA-B*53:01,512,1,128,8
HLA-B*54:01,512,1,128,8
HLA-B*56:01,512,1,128,4
HLA-B*57:01,128,1,512,8
HLA-B*57:03,256,1,64,8
HLA-B*58:01,512,1,512,8
HLA-B*73:01,512,1,256,8
HLA-C*01:02,512,1,512,4
HLA-C*02:02,512,1,128,8
HLA-C*03:03,512,1,128,8
HLA-C*03:04,512,1,64,8
HLA-C*04:01,256,1,512,8
HLA-C*05:01,512,1,128,8
HLA-C*06:02,512,1,256,8
HLA-C*07:01,512,1,128,8
HLA-C*07:02,512,1,512,8
HLA-C*07:04,512,1,128,8
HLA-C*08:02,512,1,256,8
HLA-C*12:03,512,1,128,4
HLA-C*14:02,256,1,64,8
HLA-C*15:02,512,1,128,8
HLA-C*16:01,512,1,128,8
HLA-C*17:01,512,1,64,8
